,min,max
EXT_SOURCE_3,0.0005272652387098817,0.8960095494948396
DAYS_BIRTH,-25229.0,-7338.0
EXT_SOURCE_2,8.173616518884397e-08,0.8549996664047012
AMT_ANNUITY,1615.5,258025.5
AMT_CREDIT,45000.0,4050000.0
pc_CNT_INSTALMENT_FUTURE,0.0,60.0
DAYS_EMPLOYED,-17912.0,365243.0
DAYS_ID_PUBLISH,-7197.0,0.0
i_AMT_PAYMENT,0.189,2504589.66
AMT_GOODS_PRICE,40500.0,4050000.0
